1.6560,5.0689,4.8361,0.0000,0.0000,0.0000,0.0000
1.6760,5.0685,4.8361,0.0000,0.0000,0.1916,0.1916
1.6960,5.0689,4.8361,0.0000,0.0000,0.0000,0.0000
1.7160,5.0689,4.8361,0.0000,0.0000,0.0000,0.0000
1.7360,5.0689,4.8361,0.0000,0.0000,0.0000,0.0000
1.7560,5.0689,4.8361,0.0000,0.0000,0.0000,0.0000
1.7760,5.0689,4.8361,0.0000,0.0000,-0.1916,0.0000
1.7960,5.0685,4.8361,0.0000,0.0000,0.1916,0.0000
1.8160,5.0689,4.8361,0.0000,0.0000,0.0000,0.0000
1.8360,5.0689,4.8361,0.0000,0.0000,0.0000,0.0000
1.8560,5.0689,4.8361,0.0000,0.0000,0.0000,0.0000
1.8760,5.0689,4.8361,0.0000,0.0000,-0.1916,0.0000
1.8960,5.0689,4.8361,0.0000,0.0000,0.0000,0.0000
1.9160,5.0689,4.8361,0.0000,0.0000,-0.1916,0.0000
1.9360,5.0689,4.8361,0.0000,0.0000,0.0000,0.0000
1.9560,5.0689,4.8361,0.0000,0.0000,-0.1916,0.0000
1.9760,5.0689,4.8361,0.0000,0.0000,0.0000,0.0000
1.9960,5.0685,4.8361,0.0000,0.0000,0.1916,0.0000
2.0160,5.0689,4.8361,0.0000,0.0000,0.0000,0.0000
2.0360,5.0689,4.8361,0.0000,0.0000,0.0000,0.0000
2.0559,5.0689,4.8361,0.0000,0.0000,0.0000,0.0000
2.0760,5.0689,4.8361,0.0000,0.0000,0.0000,0.0000
2.0960,5.0689,4.8361,0.0000,0.0000,-0.1916,0.0000
2.1160,5.0689,4.8361,0.0000,0.0000,0.0000,0.0000
2.1360,5.0689,4.8361,0.0000,0.0000,0.0000,0.0000
2.1560,5.0689,4.8361,0.0000,0.0000,0.0000,0.0000
2.1760,5.0689,4.8365,0.0000,0.0000,0.0000,-0.1916
2.1960,5.0689,4.8361,0.0000,0.0000,0.0000,0.0000
2.2160,5.0689,4.8361,0.0000,0.0000,0.0000,0.0000
2.2360,5.0689,4.8361,0.0000,0.0000,0.0000,0.0000
2.2560,5.0685,4.8361,0.0000,0.0000,0.1916,0.0000
2.2760,5.0689,4.8361,0.0000,0.0000,0.0000,0.0000
2.2960,5.0689,4.8361,0.0000,0.0000,0.0000,0.0000
2.3160,5.0689,4.8365,0.0000,0.0000,0.0000,-0.1916
2.3360,5.0685,4.8361,0.0000,0.0000,0.1916,0.0000
2.3560,5.0689,4.8361,0.0000,0.0000,0.0000,0.0000
2.3760,5.0689,4.8361,0.0000,0.0000,-0.1916,0.0000
2.3960,5.0689,4.8361,0.0000,0.0000,0.0000,0.0000
2.4160,5.0689,4.8361,0.0000,0.0000,0.0000,0.0000
2.4360,5.0689,4.8361,0.0000,0.0000,-0.1916,0.0000
2.4560,5.0689,4.8361,0.0000,0.0000,0.0000,0.0000
2.4760,5.0689,4.8361,0.0000,0.0000,0.0000,0.0000
2.4960,5.0689,4.8361,0.0000,0.0000,-0.1916,0.1916
2.5160,5.0689,4.8361,0.0000,0.0000,0.0000,0.0000
2.5360,5.0689,4.8361,0.0000,0.0000,0.0000,0.0000
2.5560,5.0689,4.8361,0.0000,0.0000,0.0000,0.0000
2.5760,5.0689,4.8361,0.0000,0.0000,0.0000,0.0000
2.5960,5.0689,4.8361,0.0000,0.0000,0.0000,0.0000
2.6160,5.0689,4.8361,0.0000,0.0000,0.0000,0.0000
2.6360,5.0689,4.8361,0.0000,0.0000,0.0000,0.0000
2.6560,5.0689,4.8365,0.0000,0.0000,-0.1916,-0.1916
2.6760,5.0685,4.8365,0.0000,0.0000,0.1916,-0.1916
2.6960,5.0685,4.8361,0.0000,0.0000,0.1916,0.0000
2.7160,5.0689,4.8361,0.0000,0.0000,0.0000,0.0000
2.7360,5.0689,4.8361,0.0000,0.0000,0.0000,0.0000
2.7560,5.0689,4.8361,0.0000,0.0000,0.0000,0.0000
2.7760,5.0689,4.8361,0.0000,0.0000,0.0000,0.0000
2.7960,5.0689,4.8361,0.0000,0.0000,0.0000,0.1916
2.8160,5.0689,4.8361,0.0000,0.0000,0.0000,0.0000
2.8360,5.0689,4.8361,0.0000,0.0000,0.0000,0.0000
2.8560,5.0689,4.8365,0.0000,0.0000,0.0000,-0.1916
2.8760,5.0689,4.8361,0.0000,0.0000,0.0000,0.0000
2.8960,5.0689,4.8361,0.0000,0.0000,0.0000,0.0000
2.9160,5.0689,4.8361,0.0000,0.0000,-0.1916,0.0000
2.9360,5.0689,4.8361,0.0000,0.0000,0.0000,0.0000
2.9560,5.0689,4.8361,0.0000,0.0000,0.0000,0.0000
2.9760,5.0685,4.8361,0.0000,0.0000,0.1916,0.0000
2.9960,5.0689,4.8361,0.0000,0.0000,0.0000,0.0000
3.0160,5.0689,4.8361,0.0000,0.0000,0.0000,0.0000
3.0360,5.0685,4.8365,0.0006,0.0000,0.0000,-0.1916
3.0560,5.0685,4.8361,0.0032,2.4234,0.1916,0.0000
3.0760,5.0689,4.8361,0.0084,4.0376,0.0000,0.0000
3.0960,5.0689,4.8361,0.0148,6.0508,0.0000,0.0000
3.1160,5.0689,4.8361,0.0206,4.4635,0.0000,0.0000
3.1360,5.0689,4.8361,0.0274,6.0443,0.0000,0.0000
3.1560,5.0689,4.8361,0.0336,4.1459,0.0000,0.1916
3.1760,5.0689,4.8361,0.0403,7.0378,0.0000,0.0000
3.1960,5.0685,4.8361,0.0478,6.6670,0.1916,0.0000
3.2160,5.0685,4.8361,0.0549,6.0336,0.0000,0.0000
3.2360,5.0689,4.8361,0.0610,5.6069,0.0000,0.0000
3.2560,5.0689,4.8361,0.0672,4.0389,0.0000,0.0000
3.2760,5.0689,4.8361,0.0740,4.0944,0.0000,0.0000
3.2960,5.0689,4.8361,0.0807,5.5142,0.0000,0.1916
3.3160,5.0685,4.8361,0.0885,4.4747,0.1916,0.0000
3.3360,5.0685,4.8361,0.0966,6.0508,0.1916,0.0000
3.3560,5.0689,4.8361,0.1053,5.9344,0.0000,0.0000
3.3760,5.0685,4.8361,0.1131,5.8145,0.1916,0.0000
3.3960,5.0689,4.8361,0.1218,6.0574,0.0000,0.0000
3.4160,5.0685,4.8361,0.1318,7.2378,0.1916,0.0000
3.4360,5.0685,4.8361,0.1392,4.3481,0.1916,0.0000
3.4560,5.0689,4.8361,0.1450,4.4758,0.0000,0.0000
3.4760,5.0685,4.8361,0.1518,5.3920,0.0000,0.0000
3.4960,5.0689,4.8361,0.1589,4.1090,-0.1916,0.0000
3.5160,5.0689,4.8361,0.1680,10.0938,-0.1916,0.0000
3.5360,5.0689,4.8365,0.1757,4.4479,0.0000,-0.1916
3.5560,5.0689,4.8361,0.1825,5.7782,0.0000,0.0000
3.5760,5.0689,4.8361,0.1909,6.3340,0.0000,0.0000
3.5960,5.0689,4.8361,0.1980,5.8929,0.0000,0.0000
3.6160,5.0689,4.8361,0.2055,4.4215,0.0000,0.0000
3.6360,5.0689,4.8365,0.2119,6.4977,0.0000,-0.1916
3.6560,5.0689,4.8361,0.2200,6.1795,0.0000,0.0000
3.6760,5.0689,4.8361,0.2284,6.0580,0.0000,0.0000
3.6960,5.0689,4.8361,0.2365,5.8906,0.0000,0.0000
3.7160,5.0689,4.8361,0.2449,6.4950,0.0000,0.0000
3.7360,5.0689,4.8361,0.2517,5.6470,0.0000,0.0000
3.7560,5.0689,4.8361,0.2594,5.7794,0.0000,0.0000
3.7760,5.0689,4.8361,0.2666,3.9582,0.0000,0.0000
3.7960,5.0689,4.8361,0.2743,6.0527,0.0000,0.0000
3.8160,5.0689,4.8361,0.2827,9.1332,0.0000,0.0000
3.8360,5.0689,4.8361,0.2905,5.9698,0.0000,0.0000
3.8560,5.0689,4.8361,0.2979,9.5830,-0.1916,0.0000
3.8760,5.0689,4.8361,0.3050,6.0550,0.0000,0.0000
3.8960,5.0689,4.8361,0.3131,6.2271,-0.1916,0.0000
3.9160,5.0689,4.8361,0.3205,4.0407,0.0000,0.0000
3.9360,5.0689,4.8361,0.3270,6.0549,0.0000,0.0000
3.9560,5.0689,4.8361,0.3347,5.5251,0.0000,0.0000
3.9760,5.0689,4.8361,0.3435,6.0296,0.0000,0.0000
3.9960,5.0689,4.8361,0.3538,9.7683,0.0000,0.0000
4.0160,5.0689,4.8361,0.3622,6.6669,0.0000,0.0000
4.0360,5.0689,4.8361,0.3700,5.5068,0.0000,0.0000
4.0560,5.0689,4.8361,0.3780,5.6797,0.0000,0.0000
4.0760,5.0689,4.8361,0.3845,5.7587,0.0000,0.0000
4.0960,5.0689,4.8361,0.3916,6.1799,0.0000,0.0000
4.1160,5.0685,4.8361,0.3991,6.8472,0.1916,0.0000
4.1360,5.0689,4.8361,0.4062,6.6194,-0.1916,0.0000
4.1560,5.0689,4.8361,0.4142,6.3856,0.0000,0.0000
4.1760,5.0689,4.8361,0.4243,6.3973,0.0000,0.0000
4.1960,5.0689,4.8361,0.4343,6.3293,0.0000,0.0000
4.2160,5.0685,4.8361,0.4433,6.0542,0.1916,0.0000
4.2360,5.0689,4.8361,0.4501,6.0342,0.0000,0.0000
4.2560,5.0689,4.8361,0.4556,5.2792,-0.1916,0.0000
4.2760,5.0685,4.8361,0.4614,4.0400,0.1916,0.0000
4.2960,5.0685,4.8361,0.4695,6.0642,0.0000,0.0000
4.3159,5.0685,4.8361,0.4795,10.6903,0.1916,0.0000
4.3360,5.0689,4.8361,0.4895,10.1824,0.0000,0.0000
4.3560,5.0689,4.8361,0.4996,6.4923,0.0000,0.0000
4.3760,5.0689,4.8361,0.5092,5.8887,0.0000,0.0000
4.3960,5.0689,4.8361,0.5183,6.0573,0.0000,0.0000
4.4160,5.0689,4.8361,0.5261,4.5986,0.0000,0.1916
4.4360,5.0689,4.8361,0.5338,6.0583,0.0000,0.0000
4.4560,5.0689,4.8361,0.5409,6.1093,-0.1916,0.0000
4.4760,5.0689,4.8361,0.5493,9.5174,0.0000,0.0000
4.4960,5.0689,4.8361,0.5551,5.4838,0.0000,0.0000
4.5160,5.0689,4.8365,0.5616,6.0613,-0.1916,0.0000
4.5360,5.0689,4.8365,0.5664,4.0364,0.0000,-0.1916
4.5560,5.0689,4.8361,0.5713,3.0294,-0.1916,0.0000
4.5760,5.0689,4.8361,0.5752,2.4385,0.0000,0.0000
4.5960,5.0689,4.8361,0.5781,2.2848,0.0000,0.0000
4.6160,5.0689,4.8361,0.5807,1.9814,0.0000,0.0000
4.6360,5.0685,4.8361,0.5823,1.5592,0.0000,0.0000
4.6560,5.0689,4.8361,0.5826,1.5592,0.0000,0.0000
4.6740,5.0689,4.8361,0.5826,1.5592,0.0000,0.0000
4.6940,5.0689,4.8361,0.5816,0.0800,0.0000,0.0000
4.7140,5.0689,4.8361,0.5787,-2.0788,-0.1916,0.0000
4.7340,5.0689,4.8361,0.5752,-3.0282,0.0000,0.1916
4.7540,5.0689,4.8365,0.5703,-4.3614,-0.1916,-0.1916
4.7740,5.0689,4.8361,0.5639,-5.9482,0.0000,0.0000
4.7940,5.0689,4.8361,0.5564,-5.7070,0.0000,0.0000
4.8140,5.0689,4.8361,0.5441,-10.9901,0.0000,0.0000
4.8340,5.0685,4.8361,0.5277,-12.9271,0.0000,0.0000
4.8540,5.0689,4.8361,0.5122,-11.9878,0.0000,0.0000
4.8740,5.0689,4.8361,0.4963,-11.4875,-0.1916,0.0000
4.8940,5.0689,4.8361,0.4811,-12.6360,0.0000,0.0000
4.9140,5.0689,4.8361,0.4653,-12.0363,0.0000,0.0000
4.9340,5.0689,4.8365,0.4508,-11.7750,0.0000,-0.1916
4.9540,5.0689,4.8361,0.4369,-10.9928,-0.1916,0.0000
4.9740,5.0689,4.8361,0.4239,-7.0573,0.0000,0.0000
4.9940,5.0685,4.8361,0.4110,-10.5335,0.1916,0.0000
5.0140,5.0689,4.8365,0.3987,-11.7164,0.0000,-0.1916
5.0340,5.0685,4.8365,0.3861,-11.5003,0.0000,-0.1916
5.0540,5.0689,4.8361,0.3742,-10.1191,0.0000,0.0000
5.0740,5.0689,4.8361,0.3619,-10.1193,0.0000,0.0000
5.0940,5.0685,4.8361,0.3486,-11.4997,0.1916,0.0000
5.1140,5.0689,4.8361,0.3367,-6.8825,0.0000,0.0000
5.1340,5.0689,4.8361,0.3250,-9.4400,0.0000,0.0000
5.1540,5.0689,4.8361,0.3144,-9.0913,0.0000,0.0000
5.1740,5.0689,4.8361,0.3034,-7.2568,0.0000,0.0000
5.1940,5.0689,4.8361,0.2924,-11.4180,-0.1916,0.0000
5.2140,5.0689,4.8361,0.2821,-9.7379,0.0000,0.0000
5.2340,5.0689,4.8361,0.2724,-9.6738,0.0000,0.0000
5.2540,5.0689,4.8361,0.2633,-6.1840,0.0000,0.0000
5.2740,5.0689,4.8361,0.2546,-5.8904,0.0000,0.0000
5.2940,5.0689,4.8361,0.2468,-6.0576,0.0000,0.0000
5.3140,5.0689,4.8361,0.2391,-6.0603,0.0000,0.0000
5.3340,5.0689,4.8365,0.2317,-4.5288,-0.1916,-0.1916
5.3540,5.0689,4.8361,0.2255,-3.9599,0.0000,0.1916
5.3740,5.0689,4.8361,0.2197,-4.0381,-0.1916,0.0000
5.3940,5.0689,4.8361,0.2142,-4.0353,-0.1916,0.0000
5.4140,5.0689,4.8361,0.2090,-4.0387,0.0000,0.0000
5.4340,5.0689,4.8361,0.2042,-4.0895,0.0000,0.0000
5.4540,5.0689,4.8361,0.2000,-3.0551,0.0000,0.0000
5.4740,5.0693,4.8361,0.1968,-2.0918,0.0000,0.1916
5.4940,5.0697,4.8361,0.1942,-1.7614,0.0000,0.0000
5.5140,5.0697,4.8361,0.1926,-1.2303,0.0000,0.0000
5.5340,5.0693,4.8361,0.1919,-1.2303,0.1919,0.0000
5.5540,5.0693,4.8365,0.1919,-1.2303,0.0000,-0.1916
5.5740,5.0689,4.8365,0.1922,-1.2303,0.0000,-0.1916
5.5940,5.0685,4.8361,0.1948,2.0130,0.0000,0.0000
5.6140,5.0681,4.8361,0.2006,5.2735,0.0000,0.0000
5.6340,5.0681,4.8361,0.2100,6.7087,0.0000,0.0000
5.6540,5.0681,4.8361,0.2255,13.2920,0.0000,0.0000
5.6740,5.0685,4.8361,0.2456,14.0112,0.0000,0.0000
5.6940,5.0689,4.8361,0.2656,34.1457,0.0000,0.0000
5.7140,5.0689,4.8361,0.2847,12.4731,0.0000,0.0000
5.7340,5.0693,4.8361,0.3031,12.0248,0.0000,0.0000
5.7540,5.0693,4.8361,0.3221,12.0277,0.0000,0.0000
5.7740,5.0693,4.8361,0.3399,12.1178,0.0000,0.0000
5.7940,5.0689,4.8365,0.3570,12.9851,0.0000,-0.1916
5.8140,5.0689,4.8361,0.3748,11.7160,0.0000,0.0000
5.8340,5.0685,4.8361,0.3916,12.0278,0.0000,0.0000
5.8540,5.0685,4.8361,0.4084,11.4792,0.0000,0.0000
5.8740,5.0685,4.8361,0.4243,12.0134,0.0000,0.0000
5.8940,5.0685,4.8361,0.4398,11.5849,0.0000,0.0000
5.9140,5.0689,4.8361,0.4550,11.4866,-0.1916,0.0000
5.9340,5.0689,4.8361,0.4698,12.0365,0.0000,0.0000
5.9540,5.0689,4.8361,0.4844,12.0370,0.0000,0.0000
5.9740,5.0689,4.8361,0.4996,12.0412,0.0000,0.0000
5.9940,5.0689,4.8365,0.5141,11.4920,0.0000,-0.1916
6.0140,5.0689,4.8365,0.5286,10.9937,0.0000,-0.1916
6.0340,5.0689,4.8361,0.5425,12.9886,0.0000,0.0000
6.0540,5.0689,4.8361,0.5558,12.0401,-0.1916,0.0000
6.0740,5.0689,4.8361,0.5684,11.6115,-0.1916,0.0000
6.0940,5.0689,4.8361,0.5800,6.5145,-0.1916,0.0000
6.1140,5.0689,4.8361,0.5923,11.4999,0.0000,0.1916
6.1340,5.0689,4.8361,0.6046,11.4955,0.0000,0.0000
6.1540,5.0689,4.8361,0.6152,7.0305,0.0000,0.0000
6.1740,5.0689,4.8361,0.6259,9.8607,0.0000,0.0000
6.1940,5.0689,4.8361,0.6366,9.1594,0.0000,0.0000
6.2140,5.0689,4.8361,0.6459,6.8185,0.0000,0.0000
6.2340,5.0689,4.8361,0.6547,6.3313,0.0000,0.0000
6.2540,5.0689,4.8361,0.6634,6.0302,0.0000,0.1916
6.2740,5.0689,4.8361,0.6718,9.8650,-0.1916,0.0000
6.2940,5.0689,4.8361,0.6796,6.0551,0.0000,0.0000
6.3140,5.0685,4.8361,0.6880,6.3154,0.1916,0.0000
6.3340,5.0689,4.8361,0.6954,6.6669,0.0000,0.0000
6.3540,5.0689,4.8361,0.7028,6.0627,0.0000,0.0000
6.3740,5.0689,4.8361,0.7103,5.4740,0.0000,0.0000
6.3940,5.0689,4.8361,0.7174,6.0554,0.0000,0.0000
6.4140,5.0689,4.8361,0.7235,5.9085,0.0000,0.0000
6.4340,5.0689,4.8361,0.7303,4.2114,0.0000,0.0000
6.4540,5.0689,4.8361,0.7351,4.0063,0.0000,0.0000
6.4740,5.0689,4.8361,0.7387,2.9905,0.0000,0.1916
6.4940,5.0689,4.8361,0.7429,3.0289,0.0000,0.0000
6.5140,5.0689,4.8361,0.7471,3.0295,0.0000,0.0000
6.5340,5.0689,4.8361,0.7523,3.9614,0.0000,0.0000
6.5540,5.0689,4.8365,0.7584,4.5570,0.0000,-0.1916
6.5740,5.0689,4.8361,0.7645,3.9603,0.0000,0.0000
6.5940,5.0685,4.8361,0.7707,4.0229,0.1916,0.0000
6.6140,5.0689,4.8361,0.7771,4.4283,0.0000,0.0000
6.6340,5.0689,4.8361,0.7833,4.0387,0.0000,0.0000
6.6540,5.0689,4.8361,0.7897,5.1351,0.0000,0.0000
6.6740,5.0689,4.8361,0.7965,6.8484,0.0000,0.0000
6.6940,5.0689,4.8361,0.8043,5.6299,0.0000,0.1916
6.7140,5.0689,4.8361,0.8120,6.0717,0.0000,0.0000
6.7340,5.0685,4.8361,0.8201,6.6666,0.1916,0.0000
6.7540,5.0689,4.8361,0.8269,5.9128,0.0000,0.0000
6.7740,5.0689,4.8361,0.8337,5.2034,0.0000,0.0000
6.7940,5.0689,4.8365,0.8389,3.1905,0.0000,-0.1916
6.8140,5.0689,4.8361,0.8431,2.9824,0.0000,0.0000
6.8340,5.0689,4.8361,0.8495,5.7598,0.0000,0.0000
6.8540,5.0689,4.8361,0.8560,6.0339,0.0000,0.0000
6.8740,5.0689,4.8365,0.8618,3.8579,0.0000,0.0000
6.8940,5.0689,4.8361,0.8686,4.5065,0.0000,0.1916
6.9140,5.0689,4.8361,0.8764,6.4987,0.0000,0.0000
6.9340,5.0689,4.8361,0.8828,5.4362,0.0000,0.0000
6.9540,5.0689,4.8361,0.8899,6.0305,0.0000,0.1916
6.9740,5.0689,4.8361,0.8967,3.9134,0.0000,0.0000
6.9940,5.0689,4.8361,0.9029,4.0386,0.0000,0.0000
7.0140,5.0689,4.8365,0.9096,6.0602,0.0000,0.0000
7.0340,5.0689,4.8365,0.9164,4.0408,0.0000,-0.1916
7.0540,5.0689,4.8361,0.9239,4.4017,0.0000,0.0000
7.0740,5.0689,4.8361,0.9313,5.6127,0.0000,0.0000
7.0940,5.0689,4.8361,0.9400,6.2194,0.0000,0.0000
7.1140,5.0689,4.8361,0.9478,4.2326,0.0000,0.1916
7.1340,5.0689,4.8361,0.9559,5.8916,0.0000,0.1916
7.1540,5.0689,4.8361,0.9630,5.6658,0.0000,0.0000
7.1740,5.0689,4.8361,0.9707,5.7580,0.0000,0.0000
7.1940,5.0689,4.8361,0.9775,6.0518,0.0000,0.0000
7.2140,5.0689,4.8365,0.9853,6.0553,0.0000,-0.1916
7.2340,5.0689,4.8361,0.9927,5.5850,0.0000,0.0000
7.2540,5.0689,4.8361,1.0001,6.0584,0.0000,0.0000
7.2740,5.0689,4.8361,1.0085,9.3749,0.0000,0.0000
7.2940,5.0689,4.8361,1.0163,6.0611,0.0000,0.0000
7.3140,5.0689,4.8361,1.0231,5.8916,0.0000,0.0000
7.3340,5.0689,4.8361,1.0315,6.0318,0.0000,0.0000
7.3540,5.0689,4.8365,1.0396,5.6972,0.0000,-0.1916
7.3740,5.0689,4.8361,1.0483,6.3304,0.0000,0.0000
7.3940,5.0689,4.8361,1.0570,6.6641,-0.1916,0.0000
7.4140,5.0685,4.8361,1.0644,4.0223,0.1916,0.0000
7.4340,5.0689,4.8361,1.0699,3.7143,0.0000,0.0000
7.4540,5.0689,4.8361,1.0757,5.2539,0.0000,0.0000
7.4740,5.0689,4.8361,1.0822,5.7601,0.0000,0.0000
7.4940,5.0689,4.8361,1.0893,5.7853,0.0000,0.0000
7.5140,5.0689,4.8361,1.0968,5.6567,0.0000,0.0000
7.5340,5.0689,4.8361,1.1042,6.2150,0.0000,0.0000
7.5540,5.0689,4.8361,1.1119,6.0627,0.0000,0.0000
7.5740,5.0689,4.8361,1.1197,6.1811,0.0000,0.0000
7.5940,5.0689,4.8361,1.1258,5.3581,0.0000,0.0000
7.6140,5.0689,4.8361,1.1326,5.7397,0.0000,0.0000
7.6340,5.0689,4.8361,1.1397,5.4998,0.0000,0.1916
7.6540,5.0689,4.8361,1.1475,6.8472,0.0000,0.0000
7.6740,5.0689,4.8361,1.1536,4.2150,0.0000,0.0000
7.6940,5.0689,4.8365,1.1604,5.6917,0.0000,-0.1916
7.7140,5.0689,4.8361,1.1678,5.6304,0.0000,0.0000
7.7340,5.0689,4.8361,1.1756,6.0307,0.0000,0.0000
7.7540,5.0689,4.8361,1.1843,9.2120,0.0000,0.1916
7.7740,5.0685,4.8361,1.1937,9.2077,0.1916,0.0000
7.7940,5.0689,4.8361,1.2018,4.4170,0.0000,0.0000
7.8140,5.0689,4.8361,1.2095,6.7647,0.0000,0.0000
7.8340,5.0689,4.8361,1.2176,6.4938,0.0000,0.0000
7.8540,5.0689,4.8365,1.2254,9.6075,0.0000,-0.1916
7.8740,5.0689,4.8365,1.2334,6.0310,0.0000,-0.1916
7.8940,5.0689,4.8361,1.2415,5.7564,0.0000,0.0000
7.9140,5.0689,4.8361,1.2496,6.0323,-0.1916,0.0000
7.9340,5.0689,4.8361,1.2570,6.1802,0.0000,0.1916
7.9540,5.0685,4.8361,1.2635,4.2205,0.1916,0.0000
7.9740,5.0689,4.8361,1.2703,3.9596,0.0000,0.0000
7.9940,5.0689,4.8365,1.2780,6.0538,0.0000,-0.1916
8.0139,5.0689,4.8361,1.2858,6.0584,0.0000,0.0000
8.0340,5.0689,4.8361,1.2926,4.1178,0.0000,0.0000
8.0540,5.0689,4.8361,1.2984,4.4314,0.0000,0.0000
8.0740,5.0689,4.8361,1.3042,4.4485,0.0000,0.0000
8.0940,5.0689,4.8361,1.3107,4.0880,0.0000,0.0000
8.1140,5.0689,4.8361,1.3178,6.0509,-0.1916,0.0000
8.1340,5.0689,4.8365,1.3246,5.3426,0.0000,-0.1916
8.1540,5.0689,4.8361,1.3320,5.8930,0.0000,0.0000
8.1740,5.0689,4.8361,1.3398,5.3914,0.0000,0.0000
8.1940,5.0689,4.8361,1.3472,5.8919,-0.1916,0.0000
8.2140,5.0689,4.8361,1.3559,6.0613,0.0000,0.0000
8.2340,5.0689,4.8361,1.3637,9.0285,0.0000,0.0000
8.2540,5.0689,4.8361,1.3705,5.6578,0.0000,0.0000
8.2740,5.0689,4.8361,1.3776,4.5306,-0.1916,0.1916
8.2940,5.0689,4.8361,1.3847,4.0772,0.0000,0.0000
8.3140,5.0689,4.8361,1.3924,5.7430,0.0000,0.0000
8.3340,5.0689,4.8361,1.4005,5.7569,0.0000,0.0000
8.3540,5.0689,4.8361,1.4089,6.8471,0.0000,0.1916
8.3740,5.0689,4.8361,1.4160,5.3470,0.0000,0.0000
8.3940,5.0689,4.8361,1.4244,6.0575,0.0000,0.0000
8.4140,5.0689,4.8361,1.4325,6.6672,0.0000,0.0000
8.4340,5.0689,4.8361,1.4406,6.0807,0.0000,0.0000
8.4540,5.0689,4.8361,1.4487,6.0555,0.0000,0.0000
8.4739,5.0685,4.8361,1.4567,4.3832,0.1916,0.0000
8.4940,5.0689,4.8361,1.4639,6.0579,0.0000,0.0000
8.5139,5.0685,4.8361,1.4719,6.6684,0.1916,0.0000
8.5340,5.0689,4.8361,1.4790,6.0579,0.0000,0.0000
8.5540,5.0689,4.8361,1.4855,5.6870,0.0000,0.0000
8.5740,5.0689,4.8361,1.4917,5.4862,-0.1916,0.0000
8.5940,5.0689,4.8365,1.4978,4.0416,-0.1916,-0.1916
8.6140,5.0689,4.8361,1.5043,6.0553,0.0000,0.0000
8.6340,5.0689,4.8365,1.5104,4.0400,0.0000,-0.1916
8.6540,5.0689,4.8361,1.5162,4.0886,0.0000,0.0000
8.6740,5.0689,4.8361,1.5220,4.1232,0.0000,0.0000
8.6940,5.0689,4.8361,1.5285,6.0623,0.0000,0.0000
8.7140,5.0689,4.8361,1.5356,6.0318,0.0000,0.0000
8.7340,5.0689,4.8361,1.5427,5.5217,0.0000,0.0000
8.7540,5.0689,4.8361,1.5501,5.6291,0.0000,0.0000
8.7740,5.0689,4.8365,1.5579,6.1791,0.0000,-0.1916
8.7940,5.0685,4.8361,1.5666,4.4417,0.1916,0.0000
8.8140,5.0689,4.8361,1.5744,5.8916,0.0000,0.0000
8.8340,5.0689,4.8361,1.5825,5.7585,0.0000,0.0000
8.8540,5.0689,4.8361,1.5902,9.2122,0.0000,0.0000
8.8740,5.0689,4.8361,1.5989,6.8472,0.0000,0.0000
8.8940,5.0689,4.8361,1.6073,5.5078,0.0000,0.0000
8.9140,5.0689,4.8361,1.6151,6.1092,0.0000,0.0000
8.9340,5.0689,4.8361,1.6225,5.7590,0.0000,0.0000
8.9540,5.0689,4.8361,1.6296,6.0529,0.0000,0.0000
8.9739,5.0689,4.8361,1.6364,5.9075,0.0000,0.0000
8.9940,5.0689,4.8361,1.6439,5.7304,0.0000,0.0000
9.0140,5.0689,4.8361,1.6510,5.6313,0.0000,0.0000
9.0340,5.0689,4.8361,1.6584,5.6292,0.0000,0.0000
9.0540,5.0689,4.8361,1.6674,10.1292,0.0000,0.0000
9.0740,5.0689,4.8361,1.6775,6.7722,0.0000,0.0000
9.0940,5.0689,4.8361,1.6855,5.8424,-0.1916,0.0000
9.1140,5.0689,4.8361,1.6939,8.8910,0.0000,0.1916
9.1340,5.0685,4.8361,1.7011,4.3286,0.1916,0.0000
9.1540,5.0689,4.8361,1.7085,5.6302,0.0000,0.0000
9.1740,5.0689,4.8361,1.7153,6.0572,0.0000,0.0000
9.1940,5.0685,4.8361,1.7230,6.1793,0.1916,0.0000
9.2140,5.0689,4.8361,1.7305,4.2890,0.0000,0.0000
9.2340,5.0689,4.8361,1.7373,4.2089,0.0000,0.0000
9.2540,5.0689,4.8361,1.7447,6.1025,0.0000,0.1916
9.2740,5.0689,4.8361,1.7531,6.0501,0.0000,0.0000
9.2940,5.0689,4.8361,1.7612,6.0295,0.0000,0.0000
9.3140,5.0685,4.8361,1.7702,6.0479,0.0000,0.1916
9.3340,5.0689,4.8361,1.7793,6.0538,0.0000,0.0000
9.3520,5.0685,4.8361,1.7857,8.9674,0.1916,0.0000
9.3720,5.0685,4.8361,1.7935,5.4966,0.1916,0.0000
9.3920,5.0689,4.8361,1.8016,7.0369,0.0000,0.0000
9.4120,5.0689,4.8361,1.8100,6.1764,-0.1916,0.0000
9.4320,5.0689,4.8361,1.8203,6.6629,0.0000,0.0000
9.4520,5.0685,4.8361,1.8300,7.0342,0.1916,0.0000
9.4720,5.0689,4.8361,1.8381,6.8473,-0.1916,0.0000
9.4920,5.0689,4.8361,1.8439,4.0832,0.0000,0.0000
9.5120,5.0689,4.8361,1.8500,5.5640,0.0000,0.0000
9.5320,5.0689,4.8361,1.8562,4.0382,0.0000,0.0000
9.5520,5.0689,4.8361,1.8617,4.1031,0.0000,0.0000
9.5720,5.0689,4.8361,1.8662,2.8815,0.0000,0.0000
9.5920,5.0689,4.8365,1.8704,2.5835,0.0000,-0.1916
9.6120,5.0689,4.8361,1.8733,2.3673,-0.1916,0.0000
9.6320,5.0689,4.8361,1.8765,2.2990,0.0000,0.0000
9.6520,5.0689,4.8361,1.8791,1.7549,0.0000,0.0000
9.6720,5.0689,4.8361,1.8811,1.7750,0.0000,0.0000
9.6920,5.0689,4.8361,1.8823,1.3464,0.0000,0.0000
9.7120,5.0689,4.8361,1.8833,0.9842,0.0000,0.0000
9.7320,5.0689,4.8361,1.8840,0.9842,-0.1916,0.0000
9.7520,5.0689,4.8361,1.8840,0.9842,0.0000,0.0000
9.7720,5.0689,4.8361,1.8843,0.9842,0.0000,0.0000
9.7920,5.0689,4.8361,1.8843,0.9842,0.0000,0.0000
9.8120,5.0689,4.8361,1.8843,0.9842,0.0000,0.0000
9.8320,5.0689,4.8361,1.8843,0.9842,0.0000,0.0000
9.8520,5.0689,4.8361,1.8843,0.9842,0.0000,0.0000
9.8720,5.0689,4.8361,1.8843,0.9842,0.0000,0.0000
9.8920,5.0689,4.8365,1.8843,0.9842,0.0000,-0.1916
9.9120,5.0689,4.8361,1.8843,0.9842,0.0000,0.0000
9.9320,5.0685,4.8361,1.8843,0.9842,0.1916,0.0000
9.9520,5.0689,4.8361,1.8843,0.9842,0.0000,0.0000
9.9720,5.0689,4.8361,1.8843,0.9842,0.0000,0.0000
9.9920,5.0689,4.8361,1.8843,0.9842,0.0000,0.0000
10.0120,5.0689,4.8361,1.8843,0.9842,-0.1916,0.0000
10.0320,5.0689,4.8365,1.8843,0.9842,0.0000,-0.1916
10.0520,5.0689,4.8361,1.8843,0.9842,0.0000,0.0000
10.0720,5.0689,4.8361,1.8843,0.9842,0.0000,0.0000
10.0920,5.0689,4.8361,1.8843,0.9842,0.0000,0.1916
10.1120,5.0689,4.8361,1.8843,0.9842,0.0000,0.0000
10.1320,5.0689,4.8361,1.8843,0.9842,0.0000,0.0000
10.1520,5.0689,4.8361,1.8843,0.9842,0.0000,0.0000
10.1720,5.0689,4.8361,1.8843,0.9842,0.0000,0.0000
10.1920,5.0689,4.8361,1.8843,0.9842,0.0000,0.0000
10.2120,5.0689,4.8361,1.8843,0.9842,0.0000,0.0000
10.2320,5.0689,4.8361,1.8843,0.9842,0.0000,0.0000
10.2520,5.0689,4.8361,1.8843,0.9842,0.0000,0.0000
10.2720,5.0689,4.8361,1.8843,0.9842,0.0000,0.0000
10.2920,5.0689,4.8361,1.8843,0.9842,-0.1916,0.0000
10.3120,5.0689,4.8361,1.8843,0.9842,0.0000,0.0000
10.3320,5.0689,4.8361,1.8843,0.9842,0.0000,0.0000
10.3520,5.0689,4.8365,1.8843,0.9842,0.0000,-0.1916
10.3720,5.0689,4.8361,1.8843,0.9842,0.0000,0.0000
10.3920,5.0689,4.8361,1.8843,0.9842,0.0000,0.0000
10.4120,5.0689,4.8361,1.8843,0.9842,0.0000,0.0000
10.4320,5.0689,4.8361,1.8843,0.9842,0.0000,0.0000
10.4520,5.0689,4.8361,1.8843,0.9842,0.0000,0.0000
10.4720,5.0689,4.8361,1.8843,0.9842,0.0000,0.0000
10.4920,5.0689,4.8361,1.8843,0.9842,-0.1916,0.0000
10.5120,5.0689,4.8361,1.8843,0.9842,0.0000,0.0000
10.5320,5.0689,4.8361,1.8843,0.9842,0.0000,0.0000
10.5520,5.0689,4.8361,1.8843,0.9842,0.0000,0.0000
10.5720,5.0689,4.8361,1.8843,0.9842,0.0000,0.0000
10.5920,5.0689,4.8361,1.8843,0.9842,0.0000,0.0000
10.6120,5.0689,4.8361,1.8843,0.9842,0.0000,0.0000
10.6320,5.0685,4.8361,1.8843,0.9842,0.1916,0.0000
10.6520,5.0689,4.8361,1.8843,0.9842,0.0000,0.0000
10.6720,5.0689,4.8361,1.8843,0.9842,0.0000,0.0000
10.6920,5.0689,4.8361,1.8843,0.9842,0.0000,0.0000
10.7120,5.0689,4.8361,1.8843,0.9842,0.0000,0.0000
10.7320,5.0685,4.8361,1.8843,0.9842,0.1916,0.0000
10.7520,5.0689,4.8361,1.8843,0.9842,0.0000,0.0000
10.7720,5.0689,4.8361,1.8843,0.9842,-0.1916,0.0000
10.7920,5.0689,4.8361,1.8843,0.9842,0.0000,0.0000
10.8120,5.0689,4.8361,1.8843,0.9842,0.0000,0.0000
10.8320,5.0689,4.8361,1.8843,0.9842,0.0000,0.0000
10.8520,5.0689,4.8361,1.8843,0.9842,0.0000,0.0000
10.8720,5.0689,4.8361,1.8843,0.9842,0.0000,0.0000
10.8920,5.0689,4.8361,1.8843,0.9842,0.0000,0.0000
10.9120,5.0689,4.8361,1.8843,0.9842,0.0000,0.1916
10.9320,5.0689,4.8361,1.8843,0.9842,0.0000,0.0000
10.9520,5.0689,4.8361,1.8843,0.9842,0.0000,0.0000
10.9720,5.0689,4.8361,1.8843,0.9842,0.0000,0.0000
10.9920,5.0689,4.8361,1.8843,0.9842,0.0000,0.0000
